2025-03-19 12:42:52,happy,Go for a walk
2025-03-19 12:42:52,happy,Listen to music
2025-03-19 12:42:52,happy,Call a friend
2025-03-19 12:42:55,neutral,Read a book
2025-03-19 12:42:55,neutral,Plan your day
2025-03-19 12:42:55,neutral,Try a new hobby
2025-03-19 12:42:58,neutral,Read a book
2025-03-19 12:42:58,neutral,Plan your day
2025-03-19 12:42:58,neutral,Try a new hobby
2025-03-19 12:43:01,neutral,Read a book
2025-03-19 12:43:01,neutral,Plan your day
2025-03-19 12:43:01,neutral,Try a new hobby
2025-03-19 12:43:05,neutral,Read a book
2025-03-19 12:43:05,neutral,Plan your day
2025-03-19 12:43:05,neutral,Try a new hobby
2025-03-19 12:43:08,happy,Go for a walk
2025-03-19 12:43:08,happy,Listen to music
2025-03-19 12:43:08,happy,Call a friend
2025-03-19 12:44:25,happy,Go for a walk
2025-03-19 12:44:25,happy,Listen to music
2025-03-19 12:44:25,happy,Call a friend
2025-03-19 12:44:28,neutral,Read a book
2025-03-19 12:44:28,neutral,Plan your day
2025-03-19 12:44:28,neutral,Try a new hobby
2025-03-19 12:44:31,neutral,Read a book
2025-03-19 12:44:31,neutral,Plan your day
2025-03-19 12:44:31,neutral,Try a new hobby
2025-03-19 12:44:34,neutral,Read a book
2025-03-19 12:44:34,neutral,Plan your day
2025-03-19 12:44:34,neutral,Try a new hobby
2025-03-19 12:44:37,neutral,Read a book
2025-03-19 12:44:37,neutral,Plan your day
2025-03-19 12:44:37,neutral,Try a new hobby
2025-03-19 12:44:40,neutral,Read a book
2025-03-19 12:44:40,neutral,Plan your day
2025-03-19 12:44:40,neutral,Try a new hobby
2025-03-19 12:44:43,happy,Go for a walk
2025-03-19 12:44:43,happy,Listen to music
2025-03-19 12:44:43,happy,Call a friend
2025-03-19 12:44:46,neutral,Read a book
2025-03-19 12:44:46,neutral,Plan your day
2025-03-19 12:44:46,neutral,Try a new hobby
2025-03-19 13:34:51,angry,Practice deep breathing
2025-03-19 13:34:51,angry,Meditate
2025-03-19 13:34:51,angry,Take a break
2025-03-19 13:34:55,angry,Practice deep breathing
2025-03-19 13:34:55,angry,Meditate
2025-03-19 13:34:55,angry,Take a break
2025-03-19 13:34:58,angry,Practice deep breathing
2025-03-19 13:34:58,angry,Meditate
2025-03-19 13:34:58,angry,Take a break
2025-03-19 13:35:01,angry,Practice deep breathing
2025-03-19 13:35:01,angry,Meditate
2025-03-19 13:35:01,angry,Take a break
2025-03-19 13:35:04,angry,Practice deep breathing
2025-03-19 13:35:04,angry,Meditate
2025-03-19 13:35:04,angry,Take a break
2025-03-19 13:35:08,angry,Practice deep breathing
2025-03-19 13:35:08,angry,Meditate
2025-03-19 13:35:08,angry,Take a break
2025-03-19 13:35:11,angry,Practice deep breathing
2025-03-19 13:35:11,angry,Meditate
2025-03-19 13:35:11,angry,Take a break
2025-03-19 13:35:14,angry,Practice deep breathing
2025-03-19 13:35:14,angry,Meditate
2025-03-19 13:35:14,angry,Take a break
2025-03-19 13:35:17,angry,Practice deep breathing
2025-03-19 13:35:17,angry,Meditate
2025-03-19 13:35:17,angry,Take a break
2025-03-19 13:35:21,angry,Practice deep breathing
2025-03-19 13:35:21,angry,Meditate
2025-03-19 13:35:21,angry,Take a break
2025-03-19 13:35:24,angry,Practice deep breathing
2025-03-19 13:35:24,angry,Meditate
2025-03-19 13:35:24,angry,Take a break
2025-03-19 13:35:27,angry,Practice deep breathing
2025-03-19 13:35:27,angry,Meditate
2025-03-19 13:35:27,angry,Take a break
2025-03-19 13:35:31,angry,Practice deep breathing
2025-03-19 13:35:31,angry,Meditate
2025-03-19 13:35:31,angry,Take a break
2025-03-19 13:35:34,angry,Practice deep breathing
2025-03-19 13:35:34,angry,Meditate
2025-03-19 13:35:34,angry,Take a break
2025-03-19 13:35:37,angry,Practice deep breathing
2025-03-19 13:35:37,angry,Meditate
2025-03-19 13:35:37,angry,Take a break
2025-03-19 13:35:41,angry,Practice deep breathing
2025-03-19 13:35:41,angry,Meditate
2025-03-19 13:35:41,angry,Take a break
2025-03-19 13:35:44,angry,Practice deep breathing
2025-03-19 13:35:44,angry,Meditate
2025-03-19 13:35:44,angry,Take a break
2025-03-19 13:35:47,angry,Practice deep breathing
2025-03-19 13:35:47,angry,Meditate
2025-03-19 13:35:47,angry,Take a break
2025-03-19 13:35:50,angry,Practice deep breathing
2025-03-19 13:35:50,angry,Meditate
2025-03-19 13:35:50,angry,Take a break
2025-03-19 13:35:54,angry,Practice deep breathing
2025-03-19 13:35:54,angry,Meditate
2025-03-19 13:35:54,angry,Take a break
2025-03-19 13:35:57,angry,Practice deep breathing
2025-03-19 13:35:57,angry,Meditate
2025-03-19 13:35:57,angry,Take a break
2025-03-19 13:36:00,angry,Practice deep breathing
2025-03-19 13:36:00,angry,Meditate
2025-03-19 13:36:00,angry,Take a break
2025-03-19 13:36:03,angry,Practice deep breathing
2025-03-19 13:36:03,angry,Meditate
2025-03-19 13:36:03,angry,Take a break
2025-03-19 13:36:07,angry,Practice deep breathing
2025-03-19 13:36:07,angry,Meditate
2025-03-19 13:36:07,angry,Take a break
2025-03-19 13:36:10,angry,Practice deep breathing
2025-03-19 13:36:10,angry,Meditate
2025-03-19 13:36:10,angry,Take a break
2025-03-19 13:36:13,angry,Practice deep breathing
2025-03-19 13:36:13,angry,Meditate
2025-03-19 13:36:13,angry,Take a break
2025-03-19 13:36:16,angry,Practice deep breathing
2025-03-19 13:36:16,angry,Meditate
2025-03-19 13:36:16,angry,Take a break
2025-03-19 13:36:20,angry,Practice deep breathing
2025-03-19 13:36:20,angry,Meditate
2025-03-19 13:36:20,angry,Take a break
2025-03-19 13:36:23,angry,Practice deep breathing
2025-03-19 13:36:23,angry,Meditate
2025-03-19 13:36:23,angry,Take a break
2025-03-19 13:36:26,angry,Practice deep breathing
2025-03-19 13:36:26,angry,Meditate
2025-03-19 13:36:26,angry,Take a break
2025-03-19 13:36:29,angry,Practice deep breathing
2025-03-19 13:36:29,angry,Meditate
2025-03-19 13:36:29,angry,Take a break
2025-03-19 13:36:33,angry,Practice deep breathing
2025-03-19 13:36:33,angry,Meditate
2025-03-19 13:36:33,angry,Take a break
2025-03-19 13:36:36,angry,Practice deep breathing
2025-03-19 13:36:36,angry,Meditate
2025-03-19 13:36:36,angry,Take a break
2025-03-19 13:36:39,angry,Practice deep breathing
2025-03-19 13:36:39,angry,Meditate
2025-03-19 13:36:39,angry,Take a break
2025-03-19 13:36:43,angry,Practice deep breathing
2025-03-19 13:36:43,angry,Meditate
2025-03-19 13:36:43,angry,Take a break
2025-03-19 13:36:44,angry,Practice deep breathing
2025-03-19 13:36:44,angry,Meditate
2025-03-19 13:36:44,angry,Take a break
2025-03-19 13:36:46,angry,Practice deep breathing
2025-03-19 13:36:46,angry,Meditate
2025-03-19 13:36:46,angry,Take a break
2025-03-19 13:36:47,angry,Practice deep breathing
2025-03-19 13:36:47,angry,Meditate
2025-03-19 13:36:47,angry,Take a break
2025-03-19 13:36:49,angry,Practice deep breathing
2025-03-19 13:36:49,angry,Meditate
2025-03-19 13:36:49,angry,Take a break
2025-03-19 13:36:50,angry,Practice deep breathing
2025-03-19 13:36:50,angry,Meditate
2025-03-19 13:36:50,angry,Take a break
2025-03-19 13:36:52,angry,Practice deep breathing
2025-03-19 13:36:52,angry,Meditate
2025-03-19 13:36:52,angry,Take a break
2025-03-19 13:36:53,angry,Practice deep breathing
2025-03-19 13:36:53,angry,Meditate
2025-03-19 13:36:53,angry,Take a break
2025-03-19 13:36:56,angry,Practice deep breathing
2025-03-19 13:36:56,angry,Meditate
2025-03-19 13:36:56,angry,Take a break
2025-03-19 13:36:57,angry,Practice deep breathing
2025-03-19 13:36:57,angry,Meditate
2025-03-19 13:36:57,angry,Take a break
2025-03-19 13:36:59,angry,Practice deep breathing
2025-03-19 13:36:59,angry,Meditate
2025-03-19 13:36:59,angry,Take a break
2025-03-19 13:37:00,angry,Practice deep breathing
2025-03-19 13:37:00,angry,Meditate
2025-03-19 13:37:00,angry,Take a break
2025-03-19 13:37:02,angry,Practice deep breathing
2025-03-19 13:37:02,angry,Meditate
2025-03-19 13:37:02,angry,Take a break
2025-03-19 13:37:03,angry,Practice deep breathing
2025-03-19 13:37:03,angry,Meditate
2025-03-19 13:37:03,angry,Take a break
2025-03-19 13:37:05,fear,Face your fear gradually
2025-03-19 13:37:05,fear,Talk to a trusted person
2025-03-19 13:37:05,fear,Practice relaxation techniques
2025-03-19 13:37:06,sad,Watch a comedy
2025-03-19 13:37:06,sad,Write in a journal
2025-03-19 13:37:06,sad,Talk to someone
2025-03-19 13:37:09,sad,Watch a comedy
2025-03-19 13:37:09,sad,Write in a journal
2025-03-19 13:37:09,sad,Talk to someone
2025-03-19 13:37:10,angry,Practice deep breathing
2025-03-19 13:37:10,angry,Meditate
2025-03-19 13:37:10,angry,Take a break
2025-03-19 13:37:12,sad,Watch a comedy
2025-03-19 13:37:12,sad,Write in a journal
2025-03-19 13:37:12,sad,Talk to someone
2025-03-19 13:37:13,fear,Face your fear gradually
2025-03-19 13:37:13,fear,Talk to a trusted person
2025-03-19 13:37:13,fear,Practice relaxation techniques
2025-03-19 13:37:15,fear,Face your fear gradually
2025-03-19 13:37:15,fear,Talk to a trusted person
2025-03-19 13:37:15,fear,Practice relaxation techniques
2025-03-19 13:37:16,angry,Practice deep breathing
2025-03-19 13:37:16,angry,Meditate
2025-03-19 13:37:16,angry,Take a break
2025-03-19 13:37:19,neutral,Read a book
2025-03-19 13:37:19,neutral,Plan your day
2025-03-19 13:37:19,neutral,Try a new hobby
2025-03-19 13:37:20,fear,Face your fear gradually
2025-03-19 13:37:20,fear,Talk to a trusted person
2025-03-19 13:37:20,fear,Practice relaxation techniques
2025-03-19 13:37:22,neutral,Read a book
2025-03-19 13:37:22,neutral,Plan your day
2025-03-19 13:37:22,neutral,Try a new hobby
2025-03-19 13:37:23,happy,Go for a walk
2025-03-19 13:37:23,happy,Listen to music
2025-03-19 13:37:23,happy,Call a friend
2025-03-19 13:37:25,fear,Face your fear gradually
2025-03-19 13:37:25,fear,Talk to a trusted person
2025-03-19 13:37:25,fear,Practice relaxation techniques
2025-03-19 13:37:26,neutral,Read a book
2025-03-19 13:37:26,neutral,Plan your day
2025-03-19 13:37:26,neutral,Try a new hobby
2025-03-19 13:37:29,angry,Practice deep breathing
2025-03-19 13:37:29,angry,Meditate
2025-03-19 13:37:29,angry,Take a break
2025-03-19 13:37:30,neutral,Read a book
2025-03-19 13:37:30,neutral,Plan your day
2025-03-19 13:37:30,neutral,Try a new hobby
2025-03-19 13:37:32,sad,Watch a comedy
2025-03-19 13:37:32,sad,Write in a journal
2025-03-19 13:37:32,sad,Talk to someone
2025-03-19 13:37:33,neutral,Read a book
2025-03-19 13:37:33,neutral,Plan your day
2025-03-19 13:37:33,neutral,Try a new hobby
2025-03-19 13:37:35,fear,Face your fear gradually
2025-03-19 13:37:35,fear,Talk to a trusted person
2025-03-19 13:37:35,fear,Practice relaxation techniques
2025-03-19 13:37:36,fear,Face your fear gradually
2025-03-19 13:37:36,fear,Talk to a trusted person
2025-03-19 13:37:36,fear,Practice relaxation techniques
2025-03-19 13:39:33,angry,Practice deep breathing
2025-03-19 13:39:33,angry,Meditate
2025-03-19 13:39:33,angry,Take a break
2025-03-19 13:39:36,fear,Face your fear gradually
2025-03-19 13:39:36,fear,Talk to a trusted person
2025-03-19 13:39:36,fear,Practice relaxation techniques
2025-03-19 13:39:39,neutral,Read a book
2025-03-19 13:39:39,neutral,Plan your day
2025-03-19 13:39:39,neutral,Try a new hobby
2025-03-19 13:39:42,neutral,Read a book
2025-03-19 13:39:42,neutral,Plan your day
2025-03-19 13:39:42,neutral,Try a new hobby
2025-03-19 13:39:46,neutral,Read a book
2025-03-19 13:39:46,neutral,Plan your day
2025-03-19 13:39:46,neutral,Try a new hobby
2025-03-19 13:39:49,angry,Practice deep breathing
2025-03-19 13:39:49,angry,Meditate
2025-03-19 13:39:49,angry,Take a break
2025-03-19 13:39:53,happy,Go for a walk
2025-03-19 13:39:53,happy,Listen to music
2025-03-19 13:39:53,happy,Call a friend
2025-03-19 13:39:56,sad,Watch a comedy
2025-03-19 13:39:56,sad,Write in a journal
2025-03-19 13:39:56,sad,Talk to someone
2025-03-19 13:39:59,sad,Watch a comedy
2025-03-19 13:39:59,sad,Write in a journal
2025-03-19 13:39:59,sad,Talk to someone
2025-03-19 13:40:03,happy,Go for a walk
2025-03-19 13:40:03,happy,Listen to music
2025-03-19 13:40:03,happy,Call a friend
2025-03-19 13:40:06,angry,Practice deep breathing
2025-03-19 13:40:06,angry,Meditate
2025-03-19 13:40:06,angry,Take a break
2025-03-19 13:40:09,neutral,Read a book
2025-03-19 13:40:09,neutral,Plan your day
2025-03-19 13:40:09,neutral,Try a new hobby
2025-03-19 13:40:12,fear,Face your fear gradually
2025-03-19 13:40:12,fear,Talk to a trusted person
2025-03-19 13:40:12,fear,Practice relaxation techniques
2025-03-19 13:40:16,neutral,Read a book
2025-03-19 13:40:16,neutral,Plan your day
2025-03-19 13:40:16,neutral,Try a new hobby
2025-03-19 13:40:19,neutral,Read a book
2025-03-19 13:40:19,neutral,Plan your day
2025-03-19 13:40:19,neutral,Try a new hobby
2025-03-19 13:40:23,happy,Go for a walk
2025-03-19 13:40:23,happy,Listen to music
2025-03-19 13:40:23,happy,Call a friend
2025-03-19 13:40:26,sad,Watch a comedy
2025-03-19 13:40:26,sad,Write in a journal
2025-03-19 13:40:26,sad,Talk to someone
2025-03-19 13:40:29,neutral,Read a book
2025-03-19 13:40:29,neutral,Plan your day
2025-03-19 13:40:29,neutral,Try a new hobby
2025-03-19 13:40:33,neutral,Read a book
2025-03-19 13:40:33,neutral,Plan your day
2025-03-19 13:40:33,neutral,Try a new hobby
2025-03-19 13:40:36,neutral,Read a book
2025-03-19 13:40:36,neutral,Plan your day
2025-03-19 13:40:36,neutral,Try a new hobby
2025-03-19 13:40:39,neutral,Read a book
2025-03-19 13:40:39,neutral,Plan your day
2025-03-19 13:40:39,neutral,Try a new hobby
2025-03-19 13:40:42,fear,Face your fear gradually
2025-03-19 13:40:42,fear,Talk to a trusted person
2025-03-19 13:40:42,fear,Practice relaxation techniques
2025-03-19 13:40:45,neutral,Read a book
2025-03-19 13:40:45,neutral,Plan your day
2025-03-19 13:40:45,neutral,Try a new hobby
2025-03-19 13:40:49,sad,Watch a comedy
2025-03-19 13:40:49,sad,Write in a journal
2025-03-19 13:40:49,sad,Talk to someone
2025-03-19 13:40:52,happy,Go for a walk
2025-03-19 13:40:52,happy,Listen to music
2025-03-19 13:40:52,happy,Call a friend
2025-03-19 13:40:55,sad,Watch a comedy
2025-03-19 13:40:55,sad,Write in a journal
2025-03-19 13:40:55,sad,Talk to someone
2025-03-19 19:50:16,angry,Practice deep breathing
2025-03-19 19:50:16,angry,Meditate
2025-03-19 19:50:16,angry,Take a break
2025-03-19 19:50:19,neutral,Read a book
2025-03-19 19:50:19,neutral,Plan your day
2025-03-19 19:50:19,neutral,Try a new hobby
2025-03-19 19:50:22,neutral,Read a book
2025-03-19 19:50:22,neutral,Plan your day
2025-03-19 19:50:22,neutral,Try a new hobby
2025-03-19 19:50:26,neutral,Read a book
2025-03-19 19:50:26,neutral,Plan your day
2025-03-19 19:50:26,neutral,Try a new hobby
2025-03-19 19:50:29,neutral,Read a book
2025-03-19 19:50:29,neutral,Plan your day
2025-03-19 19:50:29,neutral,Try a new hobby
2025-03-19 19:50:32,happy,Go for a walk
2025-03-19 19:50:32,happy,Listen to music
2025-03-19 19:50:32,happy,Call a friend
2025-03-19 19:50:35,neutral,Read a book
2025-03-19 19:50:35,neutral,Plan your day
2025-03-19 19:50:35,neutral,Try a new hobby
2025-03-19 19:50:38,neutral,Read a book
2025-03-19 19:50:38,neutral,Plan your day
2025-03-19 19:50:38,neutral,Try a new hobby
2025-03-19 19:50:42,fear,Face your fear gradually
2025-03-19 19:50:42,fear,Talk to a trusted person
2025-03-19 19:50:42,fear,Practice relaxation techniques
2025-03-19 19:50:45,sad,Watch a comedy
2025-03-19 19:50:45,sad,Write in a journal
2025-03-19 19:50:45,sad,Talk to someone
2025-03-19 19:50:48,happy,Go for a walk
2025-03-19 19:50:48,happy,Listen to music
2025-03-19 19:50:48,happy,Call a friend
2025-03-19 19:50:51,happy,Go for a walk
2025-03-19 19:50:51,happy,Listen to music
2025-03-19 19:50:51,happy,Call a friend
2025-03-19 19:50:55,angry,Practice deep breathing
2025-03-19 19:50:55,angry,Meditate
2025-03-19 19:50:55,angry,Take a break
2025-03-19 19:55:16,neutral,Read a book
2025-03-19 19:55:16,neutral,Plan your day
2025-03-19 19:55:16,neutral,Try a new hobby
2025-03-19 19:55:20,fear,Face your fear gradually
2025-03-19 19:55:20,fear,Talk to a trusted person
2025-03-19 19:55:20,fear,Practice relaxation techniques
2025-03-19 19:55:23,sad,Watch a comedy
2025-03-19 19:55:23,sad,Write in a journal
2025-03-19 19:55:23,sad,Talk to someone
2025-03-19 19:55:26,sad,Watch a comedy
2025-03-19 19:55:26,sad,Write in a journal
2025-03-19 19:55:26,sad,Talk to someone
2025-03-19 19:55:29,neutral,Read a book
2025-03-19 19:55:29,neutral,Plan your day
2025-03-19 19:55:29,neutral,Try a new hobby
2025-03-19 19:55:32,neutral,Read a book
2025-03-19 19:55:32,neutral,Plan your day
2025-03-19 19:55:32,neutral,Try a new hobby
2025-03-19 19:55:36,happy,Go for a walk
2025-03-19 19:55:36,happy,Listen to music
2025-03-19 19:55:36,happy,Call a friend
2025-03-19 19:55:39,sad,Watch a comedy
2025-03-19 19:55:39,sad,Write in a journal
2025-03-19 19:55:39,sad,Talk to someone
2025-03-19 19:55:42,angry,Practice deep breathing
2025-03-19 19:55:42,angry,Meditate
2025-03-19 19:55:42,angry,Take a break
2025-03-19 19:55:45,angry,Practice deep breathing
2025-03-19 19:55:45,angry,Meditate
2025-03-19 19:55:45,angry,Take a break
2025-03-19 19:55:49,angry,Practice deep breathing
2025-03-19 19:55:49,angry,Meditate
2025-03-19 19:55:49,angry,Take a break
2025-03-19 19:55:52,surprise,Explore something new
2025-03-19 19:55:52,surprise,Take a photo
2025-03-19 19:55:52,surprise,Share your experience
2025-03-19 19:55:55,neutral,Read a book
2025-03-19 19:55:55,neutral,Plan your day
2025-03-19 19:55:55,neutral,Try a new hobby
2025-03-19 19:55:59,happy,Go for a walk
2025-03-19 19:55:59,happy,Listen to music
2025-03-19 19:55:59,happy,Call a friend
2025-03-19 19:56:02,happy,Go for a walk
2025-03-19 19:56:02,happy,Listen to music
2025-03-19 19:56:02,happy,Call a friend
2025-03-19 19:56:05,happy,Go for a walk
2025-03-19 19:56:05,happy,Listen to music
2025-03-19 19:56:05,happy,Call a friend
2025-03-19 19:56:09,neutral,Read a book
2025-03-19 19:56:09,neutral,Plan your day
2025-03-19 19:56:09,neutral,Try a new hobby
2025-03-19 19:56:12,fear,Face your fear gradually
2025-03-19 19:56:12,fear,Talk to a trusted person
2025-03-19 19:56:12,fear,Practice relaxation techniques
2025-03-19 19:56:47,angry,Practice deep breathing
2025-03-19 19:56:47,angry,Meditate
2025-03-19 19:56:47,angry,Take a break
2025-03-19 19:56:50,neutral,Read a book
2025-03-19 19:56:50,neutral,Plan your day
2025-03-19 19:56:50,neutral,Try a new hobby
2025-03-19 19:56:53,surprise,Explore something new
2025-03-19 19:56:53,surprise,Take a photo
2025-03-19 19:56:53,surprise,Share your experience
2025-03-19 19:56:56,neutral,Read a book
2025-03-19 19:56:56,neutral,Plan your day
2025-03-19 19:56:56,neutral,Try a new hobby
2025-03-19 19:57:00,happy,Go for a walk
2025-03-19 19:57:00,happy,Listen to music
2025-03-19 19:57:00,happy,Call a friend
2025-03-19 19:57:03,surprise,Explore something new
2025-03-19 19:57:03,surprise,Take a photo
2025-03-19 19:57:03,surprise,Share your experience
2025-03-19 19:58:33,angry,Practice deep breathing
2025-03-19 19:58:33,angry,Meditate
2025-03-19 19:58:33,angry,Take a break
2025-03-19 19:58:36,fear,Face your fear gradually
2025-03-19 19:58:36,fear,Talk to a trusted person
2025-03-19 19:58:36,fear,Practice relaxation techniques
2025-03-19 19:58:39,fear,Face your fear gradually
2025-03-19 19:58:39,fear,Talk to a trusted person
2025-03-19 19:58:39,fear,Practice relaxation techniques
2025-03-19 19:58:43,happy,Brainstorm new ideas
2025-03-19 19:58:43,happy,Lead a team meeting
2025-03-19 19:58:43,happy,Work on a creative project
2025-03-19 19:58:46,fear,Face your fear gradually
2025-03-19 19:58:46,fear,Talk to a trusted person
2025-03-19 19:58:46,fear,Practice relaxation techniques
2025-03-19 19:58:49,neutral,Proceed with regular tasks
2025-03-19 19:58:49,neutral,Attend meetings
2025-03-19 19:58:49,neutral,Review work progress
2025-03-19 19:58:52,sad,Engage in light social interactions
2025-03-19 19:58:52,sad,Work on familiar tasks
2025-03-19 19:58:52,sad,Seek HR support if needed
2025-03-19 19:58:55,neutral,Proceed with regular tasks
2025-03-19 19:58:55,neutral,Attend meetings
2025-03-19 19:58:55,neutral,Review work progress
2025-03-19 19:58:58,neutral,Proceed with regular tasks
2025-03-19 19:58:58,neutral,Attend meetings
2025-03-19 19:58:58,neutral,Review work progress
2025-03-19 19:59:02,neutral,Proceed with regular tasks
2025-03-19 19:59:02,neutral,Attend meetings
2025-03-19 19:59:02,neutral,Review work progress
2025-03-19 19:59:05,surprise,Explore something new
2025-03-19 19:59:05,surprise,Take a photo
2025-03-19 19:59:05,surprise,Share your experience
2025-03-21 17:34:43,neutral,Proceed with regular tasks
2025-03-21 17:34:43,neutral,Attend meetings
2025-03-21 17:34:43,neutral,Review work progress
2025-03-21 17:34:46,fear,Face your fear gradually
2025-03-21 17:34:46,fear,Talk to a trusted person
2025-03-21 17:34:46,fear,Practice relaxation techniques
2025-03-21 17:34:49,neutral,Proceed with regular tasks
2025-03-21 17:34:49,neutral,Attend meetings
2025-03-21 17:34:49,neutral,Review work progress
2025-03-21 17:34:52,neutral,Proceed with regular tasks
2025-03-21 17:34:52,neutral,Attend meetings
2025-03-21 17:34:52,neutral,Review work progress
2025-03-21 17:34:56,fear,Face your fear gradually
2025-03-21 17:34:56,fear,Talk to a trusted person
2025-03-21 17:34:56,fear,Practice relaxation techniques
2025-03-21 17:34:59,neutral,Proceed with regular tasks
2025-03-21 17:34:59,neutral,Attend meetings
2025-03-21 17:34:59,neutral,Review work progress
2025-03-21 17:35:02,disgust,Clean your space
2025-03-21 17:35:02,disgust,Try a new recipe
2025-03-21 17:35:02,disgust,Change your environment
2025-03-21 17:35:05,neutral,Proceed with regular tasks
2025-03-21 17:35:05,neutral,Attend meetings
2025-03-21 17:35:05,neutral,Review work progress
2025-03-21 17:35:09,fear,Face your fear gradually
2025-03-21 17:35:09,fear,Talk to a trusted person
2025-03-21 17:35:09,fear,Practice relaxation techniques
2025-03-21 17:35:12,neutral,Proceed with regular tasks
2025-03-21 17:35:12,neutral,Attend meetings
2025-03-21 17:35:12,neutral,Review work progress
2025-03-21 17:35:15,neutral,Proceed with regular tasks
2025-03-21 17:35:15,neutral,Attend meetings
2025-03-21 17:35:15,neutral,Review work progress
2025-03-21 17:35:19,neutral,Proceed with regular tasks
2025-03-21 17:35:19,neutral,Attend meetings
2025-03-21 17:35:19,neutral,Review work progress
2025-03-21 17:35:22,neutral,Proceed with regular tasks
2025-03-21 17:35:22,neutral,Attend meetings
2025-03-21 17:35:22,neutral,Review work progress
2025-03-21 17:35:26,fear,Face your fear gradually
2025-03-21 17:35:26,fear,Talk to a trusted person
2025-03-21 17:35:26,fear,Practice relaxation techniques
2025-03-21 17:35:29,neutral,Proceed with regular tasks
2025-03-21 17:35:29,neutral,Attend meetings
2025-03-21 17:35:29,neutral,Review work progress
2025-03-21 17:35:32,happy,Brainstorm new ideas
2025-03-21 17:35:32,happy,Lead a team meeting
2025-03-21 17:35:32,happy,Work on a creative project
2025-03-21 17:35:36,neutral,Proceed with regular tasks
2025-03-21 17:35:36,neutral,Attend meetings
2025-03-21 17:35:36,neutral,Review work progress
2025-03-21 17:35:39,neutral,Proceed with regular tasks
2025-03-21 17:35:39,neutral,Attend meetings
2025-03-21 17:35:39,neutral,Review work progress
2025-03-21 17:37:03,neutral,Proceed with regular tasks
2025-03-21 17:37:03,neutral,Attend meetings
2025-03-21 17:37:03,neutral,Review work progress
2025-03-21 17:37:13,neutral,Proceed with regular tasks
2025-03-21 17:37:13,neutral,Attend meetings
2025-03-21 17:37:13,neutral,Review work progress
2025-03-21 17:37:23,happy,Brainstorm new ideas
2025-03-21 17:37:23,happy,Lead a team meeting
2025-03-21 17:37:23,happy,Work on a creative project
2025-03-21 17:37:34,fear,Face your fear gradually
2025-03-21 17:37:34,fear,Talk to a trusted person
2025-03-21 17:37:34,fear,Practice relaxation techniques
2025-03-21 17:37:42,neutral,Proceed with regular tasks
2025-03-21 17:37:42,neutral,Attend meetings
2025-03-21 17:37:42,neutral,Review work progress
2025-03-21 17:37:43,fear,Face your fear gradually
2025-03-21 17:37:43,fear,Talk to a trusted person
2025-03-21 17:37:43,fear,Practice relaxation techniques
2025-03-21 17:37:44,fear,Face your fear gradually
2025-03-21 17:37:44,fear,Talk to a trusted person
2025-03-21 17:37:44,fear,Practice relaxation techniques
2025-03-21 17:37:46,fear,Face your fear gradually
2025-03-21 17:37:46,fear,Talk to a trusted person
2025-03-21 17:37:46,fear,Practice relaxation techniques
2025-03-21 17:37:47,neutral,Proceed with regular tasks
2025-03-21 17:37:47,neutral,Attend meetings
2025-03-21 17:37:47,neutral,Review work progress
2025-03-21 17:37:48,neutral,Proceed with regular tasks
2025-03-21 17:37:48,neutral,Attend meetings
2025-03-21 17:37:48,neutral,Review work progress
2025-03-21 17:37:50,fear,Face your fear gradually
2025-03-21 17:37:50,fear,Talk to a trusted person
2025-03-21 17:37:50,fear,Practice relaxation techniques
2025-03-21 17:37:51,happy,Brainstorm new ideas
2025-03-21 17:37:51,happy,Lead a team meeting
2025-03-21 17:37:51,happy,Work on a creative project
2025-03-21 17:37:52,happy,Brainstorm new ideas
2025-03-21 17:37:52,happy,Lead a team meeting
2025-03-21 17:37:52,happy,Work on a creative project
2025-03-21 17:37:53,sad,Engage in light social interactions
2025-03-21 17:37:53,sad,Work on familiar tasks
2025-03-21 17:37:53,sad,Seek HR support if needed
2025-03-21 17:37:55,sad,Engage in light social interactions
2025-03-21 17:37:55,sad,Work on familiar tasks
2025-03-21 17:37:55,sad,Seek HR support if needed
2025-03-21 17:37:56,happy,Brainstorm new ideas
2025-03-21 17:37:56,happy,Lead a team meeting
2025-03-21 17:37:56,happy,Work on a creative project
2025-03-21 17:37:58,fear,Face your fear gradually
2025-03-21 17:37:58,fear,Talk to a trusted person
2025-03-21 17:37:58,fear,Practice relaxation techniques
2025-03-21 17:37:59,neutral,Proceed with regular tasks
2025-03-21 17:37:59,neutral,Attend meetings
2025-03-21 17:37:59,neutral,Review work progress
2025-03-21 17:38:00,neutral,Proceed with regular tasks
2025-03-21 17:38:00,neutral,Attend meetings
2025-03-21 17:38:00,neutral,Review work progress
2025-03-21 17:38:01,sad,Engage in light social interactions
2025-03-21 17:38:01,sad,Work on familiar tasks
2025-03-21 17:38:01,sad,Seek HR support if needed
2025-03-21 17:38:03,fear,Face your fear gradually
2025-03-21 17:38:03,fear,Talk to a trusted person
2025-03-21 17:38:03,fear,Practice relaxation techniques
2025-03-21 17:38:04,neutral,Proceed with regular tasks
2025-03-21 17:38:04,neutral,Attend meetings
2025-03-21 17:38:04,neutral,Review work progress
2025-03-21 17:38:05,neutral,Proceed with regular tasks
2025-03-21 17:38:05,neutral,Attend meetings
2025-03-21 17:38:05,neutral,Review work progress
2025-03-21 17:38:07,fear,Face your fear gradually
2025-03-21 17:38:07,fear,Talk to a trusted person
2025-03-21 17:38:07,fear,Practice relaxation techniques
2025-03-21 17:38:08,happy,Brainstorm new ideas
2025-03-21 17:38:08,happy,Lead a team meeting
2025-03-21 17:38:08,happy,Work on a creative project
2025-03-21 17:49:52,sad,Engage in light social interactions
2025-03-21 17:49:52,sad,Work on familiar tasks
2025-03-21 17:49:52,sad,Seek HR support if needed
2025-03-21 17:49:55,sad,Engage in light social interactions
2025-03-21 17:49:55,sad,Work on familiar tasks
2025-03-21 17:49:55,sad,Seek HR support if needed
2025-03-21 17:49:57,fear,Face your fear gradually
2025-03-21 17:49:57,fear,Talk to a trusted person
2025-03-21 17:49:57,fear,Practice relaxation techniques
2025-03-21 17:49:59,neutral,Proceed with regular tasks
2025-03-21 17:49:59,neutral,Attend meetings
2025-03-21 17:49:59,neutral,Review work progress
2025-03-21 17:50:02,sad,Engage in light social interactions
2025-03-21 17:50:02,sad,Work on familiar tasks
2025-03-21 17:50:02,sad,Seek HR support if needed
2025-03-21 17:50:04,sad,Engage in light social interactions
2025-03-21 17:50:04,sad,Work on familiar tasks
2025-03-21 17:50:04,sad,Seek HR support if needed
2025-03-21 17:50:06,neutral,Proceed with regular tasks
2025-03-21 17:50:06,neutral,Attend meetings
2025-03-21 17:50:06,neutral,Review work progress
2025-03-21 17:50:09,neutral,Proceed with regular tasks
2025-03-21 17:50:09,neutral,Attend meetings
2025-03-21 17:50:09,neutral,Review work progress
2025-03-21 17:50:11,sad,Engage in light social interactions
2025-03-21 17:50:11,sad,Work on familiar tasks
2025-03-21 17:50:11,sad,Seek HR support if needed
2025-03-21 17:50:14,sad,Engage in light social interactions
2025-03-21 17:50:14,sad,Work on familiar tasks
2025-03-21 17:50:14,sad,Seek HR support if needed
2025-03-21 17:50:16,happy,Brainstorm new ideas
2025-03-21 17:50:16,happy,Lead a team meeting
2025-03-21 17:50:16,happy,Work on a creative project
2025-03-21 17:50:18,fear,Face your fear gradually
2025-03-21 17:50:18,fear,Talk to a trusted person
2025-03-21 17:50:18,fear,Practice relaxation techniques
2025-03-21 17:50:21,sad,Engage in light social interactions
2025-03-21 17:50:21,sad,Work on familiar tasks
2025-03-21 17:50:21,sad,Seek HR support if needed
2025-03-21 17:50:23,sad,Engage in light social interactions
2025-03-21 17:50:23,sad,Work on familiar tasks
2025-03-21 17:50:23,sad,Seek HR support if needed
2025-03-21 17:50:25,fear,Face your fear gradually
2025-03-21 17:50:25,fear,Talk to a trusted person
2025-03-21 17:50:25,fear,Practice relaxation techniques
2025-03-21 17:50:28,sad,Engage in light social interactions
2025-03-21 17:50:28,sad,Work on familiar tasks
2025-03-21 17:50:28,sad,Seek HR support if needed
2025-03-21 17:50:30,sad,Engage in light social interactions
2025-03-21 17:50:30,sad,Work on familiar tasks
2025-03-21 17:50:30,sad,Seek HR support if needed
2025-03-21 17:50:32,neutral,Proceed with regular tasks
2025-03-21 17:50:32,neutral,Attend meetings
2025-03-21 17:50:32,neutral,Review work progress
2025-03-21 17:50:35,neutral,Proceed with regular tasks
2025-03-21 17:50:35,neutral,Attend meetings
2025-03-21 17:50:35,neutral,Review work progress
2025-03-21 17:50:37,sad,Engage in light social interactions
2025-03-21 17:50:37,sad,Work on familiar tasks
2025-03-21 17:50:37,sad,Seek HR support if needed
2025-03-21 17:50:40,neutral,Proceed with regular tasks
2025-03-21 17:50:40,neutral,Attend meetings
2025-03-21 17:50:40,neutral,Review work progress
2025-03-21 17:50:42,fear,Face your fear gradually
2025-03-21 17:50:42,fear,Talk to a trusted person
2025-03-21 17:50:42,fear,Practice relaxation techniques
2025-03-21 17:50:44,neutral,Proceed with regular tasks
2025-03-21 17:50:44,neutral,Attend meetings
2025-03-21 17:50:44,neutral,Review work progress
2025-03-21 17:50:47,happy,Brainstorm new ideas
2025-03-21 17:50:47,happy,Lead a team meeting
2025-03-21 17:50:47,happy,Work on a creative project
2025-03-21 17:50:49,fear,Face your fear gradually
2025-03-21 17:50:49,fear,Talk to a trusted person
2025-03-21 17:50:49,fear,Practice relaxation techniques
2025-03-21 17:50:51,fear,Face your fear gradually
2025-03-21 17:50:51,fear,Talk to a trusted person
2025-03-21 17:50:51,fear,Practice relaxation techniques
2025-03-21 17:52:17,sad,Engage in light social interactions
2025-03-21 17:52:17,sad,Work on familiar tasks
2025-03-21 17:52:17,sad,Seek HR support if needed
2025-03-21 17:52:19,sad,Engage in light social interactions
2025-03-21 17:52:19,sad,Work on familiar tasks
2025-03-21 17:52:19,sad,Seek HR support if needed
2025-03-21 17:52:22,neutral,Proceed with regular tasks
2025-03-21 17:52:22,neutral,Attend meetings
2025-03-21 17:52:22,neutral,Review work progress
2025-03-21 17:52:24,sad,Engage in light social interactions
2025-03-21 17:52:24,sad,Work on familiar tasks
2025-03-21 17:52:24,sad,Seek HR support if needed
2025-03-21 17:52:26,neutral,Proceed with regular tasks
2025-03-21 17:52:26,neutral,Attend meetings
2025-03-21 17:52:26,neutral,Review work progress
2025-03-21 17:52:29,neutral,Proceed with regular tasks
2025-03-21 17:52:29,neutral,Attend meetings
2025-03-21 17:52:29,neutral,Review work progress
2025-03-21 17:52:31,neutral,Proceed with regular tasks
2025-03-21 17:52:31,neutral,Attend meetings
2025-03-21 17:52:31,neutral,Review work progress
2025-03-21 17:52:33,fear,Face your fear gradually
2025-03-21 17:52:33,fear,Talk to a trusted person
2025-03-21 17:52:33,fear,Practice relaxation techniques
2025-03-21 17:52:36,sad,Engage in light social interactions
2025-03-21 17:52:36,sad,Work on familiar tasks
2025-03-21 17:52:36,sad,Seek HR support if needed
2025-03-21 17:52:38,angry,Practice deep breathing
2025-03-21 17:52:38,angry,Meditate
2025-03-21 17:52:38,angry,Take a break
2025-03-21 17:52:41,fear,Face your fear gradually
2025-03-21 17:52:41,fear,Talk to a trusted person
2025-03-21 17:52:41,fear,Practice relaxation techniques
2025-03-21 17:52:43,fear,Face your fear gradually
2025-03-21 17:52:43,fear,Talk to a trusted person
2025-03-21 17:52:43,fear,Practice relaxation techniques
2025-03-21 17:52:45,fear,Face your fear gradually
2025-03-21 17:52:45,fear,Talk to a trusted person
2025-03-21 17:52:45,fear,Practice relaxation techniques
2025-03-21 17:52:47,fear,Face your fear gradually
2025-03-21 17:52:47,fear,Talk to a trusted person
2025-03-21 17:52:47,fear,Practice relaxation techniques
2025-03-21 17:52:50,neutral,Proceed with regular tasks
2025-03-21 17:52:50,neutral,Attend meetings
2025-03-21 17:52:50,neutral,Review work progress
2025-03-21 17:52:52,fear,Face your fear gradually
2025-03-21 17:52:52,fear,Talk to a trusted person
2025-03-21 17:52:52,fear,Practice relaxation techniques
2025-03-21 17:52:54,neutral,Proceed with regular tasks
2025-03-21 17:52:54,neutral,Attend meetings
2025-03-21 17:52:54,neutral,Review work progress
2025-03-21 17:52:56,neutral,Proceed with regular tasks
2025-03-21 17:52:56,neutral,Attend meetings
2025-03-21 17:52:56,neutral,Review work progress
2025-03-21 17:52:59,neutral,Proceed with regular tasks
2025-03-21 17:52:59,neutral,Attend meetings
2025-03-21 17:52:59,neutral,Review work progress
2025-03-21 17:53:01,neutral,Proceed with regular tasks
2025-03-21 17:53:01,neutral,Attend meetings
2025-03-21 17:53:01,neutral,Review work progress
2025-03-21 17:53:04,sad,Engage in light social interactions
2025-03-21 17:53:04,sad,Work on familiar tasks
2025-03-21 17:53:04,sad,Seek HR support if needed
2025-03-21 17:53:06,fear,Face your fear gradually
2025-03-21 17:53:06,fear,Talk to a trusted person
2025-03-21 17:53:06,fear,Practice relaxation techniques
2025-03-21 17:53:08,neutral,Proceed with regular tasks
2025-03-21 17:53:08,neutral,Attend meetings
2025-03-21 17:53:08,neutral,Review work progress
2025-03-21 17:53:11,neutral,Proceed with regular tasks
2025-03-21 17:53:11,neutral,Attend meetings
2025-03-21 17:53:11,neutral,Review work progress
2025-03-21 17:53:13,neutral,Proceed with regular tasks
2025-03-21 17:53:13,neutral,Attend meetings
2025-03-21 17:53:13,neutral,Review work progress
2025-03-21 17:53:16,neutral,Proceed with regular tasks
2025-03-21 17:53:16,neutral,Attend meetings
2025-03-21 17:53:16,neutral,Review work progress
2025-03-21 17:53:18,sad,Engage in light social interactions
2025-03-21 17:53:18,sad,Work on familiar tasks
2025-03-21 17:53:18,sad,Seek HR support if needed
2025-03-21 17:53:20,fear,Face your fear gradually
2025-03-21 17:53:20,fear,Talk to a trusted person
2025-03-21 17:53:20,fear,Practice relaxation techniques
2025-03-21 17:53:23,sad,Engage in light social interactions
2025-03-21 17:53:23,sad,Work on familiar tasks
2025-03-21 17:53:23,sad,Seek HR support if needed
2025-03-21 17:53:25,angry,Practice deep breathing
2025-03-21 17:53:25,angry,Meditate
2025-03-21 17:53:25,angry,Take a break
2025-03-21 17:53:27,neutral,Proceed with regular tasks
2025-03-21 17:53:27,neutral,Attend meetings
2025-03-21 17:53:27,neutral,Review work progress
